1,SensorA,OK
2,SensorA,OK
3,SensorA,OK
4,SensorA,OK
5,SensorA,OK
6,SensorA,OK
7,SensorA,OK
8,SensorA,OK
9,SensorA,OK
10,SensorA,OK
11,SensorA,OK
12,SensorA,OK
13,SensorA,OK
14,SensorA,OK
15,SensorA,OK
16,SensorA,OK
17,SensorA,OK
18,SensorA,OK
19,SensorA,OK
20,SensorA,OK
21,SensorA,OK
22,SensorA,OK
23,SensorA,OK
24,SensorA,OK
25,SensorA,OK
26,SensorA,OK
27,SensorA,OK
28,SensorA,OK
29,SensorA,OK
30,SensorA,OK
31,SensorA,OK
32,SensorA,OK
33,SensorA,OK
34,SensorA,OK
35,SensorA,OK
36,SensorA,OK
37,SensorA,OK
38,SensorA,OK
39,SensorA,OK
40,SensorA,OK
41,SensorA,OK
42,SensorA,OK
43,SensorA,OK
44,SensorA,OK
45,SensorA,OK
46,SensorA,OK
47,SensorA,OK
48,SensorA,OK
49,SensorA,OK
50,SensorA,OK
51,SensorA,OK
52,SensorA,OK
53,SensorA,OK
54,SensorA,OK
55,SensorA,OK
56,SensorA,OK
57,SensorA,OK
58,SensorA,OK
59,SensorA,OK
60,SensorA,OK
61,SensorA,OK
62,SensorA,OK
63,SensorA,OK
64,SensorA,OK
65,SensorA,OK
66,SensorA,OK
67,SensorA,OK
68,SensorA,OK
69,SensorA,OK
70,SensorA,OK
71,SensorA,OK
72,SensorA,OK
73,SensorA,OK
74,SensorA,OK
75,SensorA,OK
76,SensorA,OK
77,SensorA,OK
78,SensorA,OK
79,SensorA,OK
80,SensorA,OK
81,SensorA,OK
82,SensorA,OK
83,SensorA,OK
84,SensorA,OK
85,SensorA,OK
86,SensorA,OK
87,SensorA,OK
88,SensorA,OK
89,SensorA,OK
90,SensorA,OK
91,SensorA,OK
92,SensorA,OK
93,SensorA,OK
94,SensorA,OK
95,SensorA,OK
96,SensorA,OK
97,SensorA,OK
98,SensorA,OK
99,SensorA,OK
100,SensorA,OK
101,SensorA,OK
102,SensorA,OK
103,SensorA,OK
104,SensorA,OK
105,SensorA,OK
106,SensorA,OK
107,SensorA,OK
108,SensorA,OK
109,SensorA,OK
110,SensorA,OK
111,SensorA,OK
112,SensorA,OK
113,SensorA,OK
114,SensorA,OK
115,SensorA,OK
116,SensorA,OK
117,SensorA,OK
118,SensorA,OK
119,SensorA,OK
120,SensorA,OK
121,SensorA,OK
122,SensorA,OK
123,SensorA,OK
124,SensorA,OK
125,SensorA,OK
126,SensorA,OK
127,SensorA,OK
128,SensorA,OK
129,SensorA,OK
130,SensorA,OK
131,SensorA,OK
132,SensorA,OK
133,SensorA,OK
134,SensorA,OK
135,SensorA,OK
136,SensorA,OK
137,SensorA,OK
138,SensorA,OK
139,SensorA,OK
140,SensorA,OK
141,SensorA,OK
142,SensorA,OK
143,SensorA,OK
144,SensorA,OK
145,SensorA,OK
146,SensorA,OK
147,SensorA,OK
148,SensorA,OK
149,SensorA,OK
150,SensorA,OK
151,SensorA,OK
152,SensorA,OK
153,SensorA,OK
154,SensorA,OK
155,SensorA,OK
156,SensorA,OK
157,SensorA,OK
158,SensorA,OK
159,SensorA,OK
160,SensorA,OK
161,SensorA,OK
162,SensorA,OK
163,SensorA,OK
164,SensorA,OK
165,SensorA,OK
166,SensorA,OK
167,SensorA,OK
168,SensorA,OK
169,SensorA,OK
170,SensorA,OK
171,SensorA,OK
172,SensorA,OK
173,SensorA,OK
174,SensorA,OK
175,SensorA,OK
176,SensorA,OK
177,SensorA,OK
178,SensorA,OK
179,SensorA,OK
180,SensorA,OK
181,SensorA,OK
182,SensorA,OK
183,SensorA,OK
184,SensorA,OK
185,SensorA,OK
186,SensorA,OK
187,SensorA,OK
188,SensorA,OK
189,SensorA,OK
190,SensorA,OK
191,SensorA,OK
192,SensorA,OK
193,SensorA,OK
194,SensorA,OK
195,SensorA,OK
196,SensorA,OK
197,SensorA,OK
198,SensorA,OK
199,SensorA,OK
200,SensorA,OK
201,SensorA,OK
202,SensorA,OK
203,SensorA,OK
204,SensorA,OK
205,SensorA,OK
206,SensorA,OK
207,SensorA,OK
208,SensorA,OK
209,SensorA,OK
210,SensorA,OK
211,SensorA,OK
212,SensorA,OK
213,SensorA,OK
214,SensorA,OK
215,SensorA,OK
216,SensorA,OK
217,SensorA,OK
218,SensorA,OK
219,SensorA,OK
220,SensorA,OK
221,SensorA,OK
222,SensorA,OK
223,SensorA,OK
224,SensorA,OK
225,SensorA,OK
226,SensorA,OK
227,SensorA,OK
228,SensorA,OK
229,SensorA,OK
230,SensorA,OK
231,SensorA,OK
232,SensorA,OK
233,SensorA,OK
234,SensorA,OK
235,SensorA,OK
236,SensorA,OK
237,SensorA,OK
238,SensorA,OK
239,SensorA,OK
240,SensorA,OK
241,SensorA,OK
242,SensorA,OK
243,SensorA,OK
244,SensorA,OK
245,SensorA,OK
246,SensorA,OK
247,SensorA,OK
248,SensorA,OK
249,SensorA,OK
250,SensorA,OK
251,SensorA,OK
252,SensorA,OK
253,SensorA,OK
254,SensorA,OK
255,SensorA,OK
256,SensorA,OK
257,SensorA,OK
258,SensorA,OK
259,SensorA,OK
260,SensorA,OK
261,SensorA,OK
262,SensorA,OK
263,SensorA,OK
264,SensorA,OK
265,SensorA,OK
266,SensorA,OK
267,SensorA,OK
268,SensorA,OK
269,SensorA,OK
270,SensorA,OK
271,SensorA,OK
272,SensorA,OK
273,SensorA,OK
274,SensorA,OK
275,SensorA,OK
276,SensorA,OK
277,SensorA,OK
278,SensorA,OK
279,SensorA,OK
280,SensorA,OK
281,SensorA,OK
282,SensorA,OK
283,SensorA,OK
284,SensorA,OK
285,SensorA,OK
286,SensorA,OK
287,SensorA,OK
288,SensorA,OK
289,SensorA,OK
290,SensorA,OK
291,SensorA,OK
292,SensorA,OK
293,SensorA,OK
294,SensorA,OK
295,SensorA,OK
296,SensorA,OK
297,SensorA,OK
298,SensorA,OK
299,SensorA,OK
300,SensorA,OK
301,SensorA,OK
302,SensorA,OK
303,SensorA,OK
304,SensorA,OK
305,SensorA,OK
306,SensorA,OK
307,SensorA,OK
308,SensorA,OK
309,SensorA,OK
310,SensorA,OK
311,SensorA,OK
312,SensorA,OK
313,SensorA,OK
314,SensorA,OK
315,SensorA,OK
316,SensorA,OK
317,SensorA,OK
318,SensorA,OK
319,SensorA,OK
320,SensorA,OK
321,SensorA,OK
322,SensorA,OK
323,SensorA,OK
324,SensorA,OK
325,SensorA,OK
326,SensorA,OK
327,SensorA,OK
328,SensorA,OK
329,SensorA,OK
330,SensorA,OK
331,SensorA,OK
332,SensorA,OK
333,SensorA,OK
334,SensorA,OK
335,SensorA,OK
336,SensorA,OK
337,SensorA,OK
338,SensorA,OK
339,SensorA,OK
340,SensorA,OK
341,SensorA,OK
342,SensorA,OK
343,SensorA,OK
344,SensorA,OK
345,SensorA,OK
346,SensorA,OK
347,SensorA,OK
348,SensorA,OK
349,SensorA,OK
350,SensorA,OK
351,SensorA,OK
352,SensorA,OK
353,SensorA,OK
354,SensorA,OK
355,SensorA,OK
356,SensorA,OK
357,SensorA,OK
358,SensorA,OK
359,SensorA,OK
360,SensorA,OK
361,SensorA,OK
362,SensorA,OK
363,SensorA,OK
364,SensorA,OK
365,SensorA,OK
366,SensorA,OK
367,SensorA,OK
368,SensorA,OK
369,SensorA,OK
370,SensorA,OK
371,SensorA,OK
372,SensorA,OK
373,SensorA,OK
374,SensorA,OK
375,SensorA,OK
376,SensorA,OK
377,SensorA,OK
378,SensorA,OK
379,SensorA,OK
380,SensorA,OK
381,SensorA,OK
382,SensorA,OK
383,SensorA,OK
384,SensorA,OK
385,SensorA,OK
386,SensorA,OK
387,SensorA,OK
388,SensorA,OK
389,SensorA,OK
390,SensorA,OK
391,SensorA,OK
392,SensorA,OK
393,SensorA,OK
394,SensorA,OK
395,SensorA,OK
396,SensorA,OK
397,SensorA,OK
398,SensorA,OK
399,SensorA,OK
400,SensorA,OK
401,SensorA,OK
402,SensorA,OK
403,SensorA,OK
404,SensorA,OK
405,SensorA,OK
406,SensorA,OK
407,SensorA,OK
408,SensorA,OK
409,SensorA,OK
410,SensorA,OK
411,SensorA,OK
412,SensorA,OK
413,SensorA,OK
414,SensorA,OK
415,SensorA,OK
416,SensorA,OK
417,SensorA,OK
418,SensorA,OK
419,SensorA,OK
420,SensorA,OK
421,SensorA,OK
422,SensorA,OK
423,SensorA,OK
424,SensorA,OK
425,SensorA,OK
426,SensorA,OK
427,SensorA,OK
428,SensorA,OK
429,SensorA,OK
430,SensorA,OK
431,SensorA,OK
432,SensorA,OK
433,SensorA,OK
434,SensorA,OK
435,SensorA,OK
436,SensorA,OK
437,SensorA,OK
438,SensorA,OK
439,SensorA,OK
440,SensorA,OK
441,SensorA,OK
442,SensorA,OK
443,SensorA,OK
444,SensorA,OK
445,SensorA,OK
446,SensorA,OK
447,SensorA,OK
448,SensorA,OK
449,SensorA,OK
450,SensorA,OK
451,SensorA,OK
452,SensorA,OK
453,SensorA,OK
454,SensorA,OK
455,SensorA,OK
456,SensorA,OK
457,SensorA,OK
458,SensorA,OK
459,SensorA,OK
460,SensorA,OK
461,SensorA,OK
462,SensorA,OK
463,SensorA,OK
464,SensorA,OK
465,SensorA,OK
466,SensorA,OK
467,SensorA,OK
468,SensorA,OK
469,SensorA,OK
470,SensorA,OK
471,SensorA,OK
472,SensorA,OK
473,SensorA,OK
474,SensorA,OK
475,SensorA,OK
476,SensorA,OK
477,SensorA,OK
478,SensorA,OK
479,SensorA,OK
480,SensorA,OK
481,SensorA,OK
482,SensorA,OK
483,SensorA,OK
484,SensorA,OK
485,SensorA,OK
486,SensorA,OK
487,SensorA,OK
488,SensorA,OK
489,SensorA,OK
490,SensorA,OK
491,SensorA,OK
492,SensorA,OK
493,SensorA,OK
494,SensorA,OK
495,SensorA,OK
496,SensorA,OK
497,SensorA,OK
498,SensorA,OK
499,SensorA,OK
500,SensorA,OK
501,SensorA,OK
502,SensorA,OK
503,SensorA,OK
504,SensorA,OK
505,SensorA,OK
506,SensorA,OK
507,SensorA,OK
508,SensorA,OK
509,SensorA,OK
510,SensorA,OK
511,SensorA,OK
512,SensorA,OK
513,SensorA,OK
514,SensorA,OK
515,SensorA,OK
516,SensorA,OK
517,SensorA,OK
518,SensorA,OK
519,SensorA,OK
520,SensorA,OK
521,SensorA,OK
522,SensorA,OK
523,SensorA,OK
524,SensorA,OK
525,SensorA,OK
526,SensorA,OK
527,SensorA,OK
528,SensorA,OK
529,SensorA,OK
530,SensorA,OK
531,SensorA,OK
532,SensorA,OK
533,SensorA,OK
534,SensorA,OK
535,SensorA,OK
536,SensorA,OK
537,SensorA,OK
538,SensorA,OK
539,SensorA,OK
540,SensorA,OK
541,SensorA,OK
542,SensorA,OK
543,SensorA,OK
544,SensorA,OK
545,SensorA,OK
546,SensorA,OK
547,SensorA,OK
548,SensorA,OK
549,SensorA,OK
550,SensorA,OK
551,SensorA,OK
552,SensorA,OK
553,SensorA,OK
554,SensorA,OK
555,SensorA,OK
556,SensorA,OK
557,SensorA,OK
558,SensorA,OK
559,SensorA,OK
560,SensorA,OK
561,SensorA,OK
562,SensorA,OK
563,SensorA,OK
564,SensorA,OK
565,SensorA,OK
566,SensorA,OK
567,SensorA,OK
568,SensorA,OK
569,SensorA,OK
570,SensorA,OK
571,SensorA,OK
572,SensorA,OK
573,SensorA,OK
574,SensorA,OK
575,SensorA,OK
576,SensorA,OK
577,SensorA,OK
578,SensorA,OK
579,SensorA,OK
580,SensorA,OK
581,SensorA,OK
582,SensorA,OK
583,SensorA,OK
584,SensorA,OK
585,SensorA,OK
586,SensorA,OK
587,SensorA,OK
588,SensorA,OK
589,SensorA,OK
590,SensorA,OK
591,SensorA,OK
592,SensorA,OK
593,SensorA,OK
594,SensorA,OK
595,SensorA,OK
596,SensorA,OK
597,SensorA,OK
598,SensorA,OK
599,SensorA,OK
600,SensorA,OK
601,SensorA,OK
602,SensorA,OK
603,SensorA,OK
604,SensorA,OK
605,SensorA,OK
606,SensorA,OK
607,SensorA,OK
608,SensorA,OK
609,SensorA,OK
610,SensorA,OK
611,SensorA,OK
612,SensorA,OK
613,SensorA,OK
614,SensorA,OK
615,SensorA,OK
616,SensorA,OK
617,SensorA,OK
618,SensorA,OK
619,SensorA,OK
620,SensorA,OK
621,SensorA,OK
622,SensorA,OK
623,SensorA,OK
624,SensorA,OK
625,SensorA,OK
626,SensorA,OK
627,SensorA,OK
628,SensorA,OK
629,SensorA,OK
630,SensorA,OK
631,SensorA,OK
632,SensorA,OK
633,SensorA,OK
634,SensorA,OK
635,SensorA,OK
636,SensorA,OK
637,SensorA,OK
638,SensorA,OK
639,SensorA,OK
640,SensorA,OK
641,SensorA,OK
642,SensorA,OK
643,SensorA,OK
644,SensorA,OK
645,SensorA,OK
646,SensorA,OK
647,SensorA,OK
648,SensorA,OK
649,SensorA,OK
650,SensorA,OK
651,SensorA,OK
652,SensorA,OK
653,SensorA,OK
654,SensorA,OK
655,SensorA,OK
656,SensorA,OK
657,SensorA,OK
658,SensorA,OK
659,SensorA,OK
660,SensorA,OK
661,SensorA,OK
662,SensorA,OK
663,SensorA,OK
664,SensorA,OK
665,SensorA,OK
666,SensorA,OK
667,SensorA,OK
668,SensorA,OK
669,SensorA,OK
670,SensorA,OK
671,SensorA,OK
672,SensorA,OK
673,SensorA,OK
674,SensorA,OK
675,SensorA,OK
676,SensorA,OK
677,SensorA,OK
678,SensorA,OK
679,SensorA,OK
680,SensorA,OK
681,SensorA,OK
682,SensorA,OK
683,SensorA,OK
684,SensorA,OK
685,SensorA,OK
686,SensorA,OK
687,SensorA,OK
688,SensorA,OK
689,SensorA,OK
690,SensorA,OK
691,SensorA,OK
692,SensorA,OK
693,SensorA,OK
694,SensorA,OK
695,SensorA,OK
696,SensorA,OK
697,SensorA,OK
698,SensorA,OK
699,SensorA,OK
700,SensorA,OK
701,SensorA,OK
702,SensorA,OK
703,SensorA,OK
704,SensorA,OK
705,SensorA,OK
706,SensorA,OK
707,SensorA,OK
708,SensorA,OK
709,SensorA,OK
710,SensorA,OK
711,SensorA,OK
712,SensorA,OK
713,SensorA,OK
714,SensorA,OK
715,SensorA,OK
716,SensorA,OK
717,SensorA,OK
718,SensorA,OK
719,SensorA,OK
720,SensorA,OK
721,SensorA,OK
722,SensorA,OK
723,SensorA,OK
724,SensorA,OK
725,SensorA,OK
726,SensorA,OK
727,SensorA,OK
728,SensorA,OK
729,SensorA,OK
730,SensorA,OK
731,SensorA,OK
732,SensorA,OK
733,SensorA,OK
734,SensorA,OK
735,SensorA,OK
736,SensorA,OK
737,SensorA,OK
738,SensorA,OK
739,SensorA,OK
740,SensorA,OK
741,SensorA,OK
742,SensorA,OK
743,SensorA,OK
744,SensorA,OK
745,SensorA,OK
746,SensorA,OK
747,SensorA,OK
748,SensorA,OK
749,SensorA,OK
750,SensorA,OK
751,SensorA,OK
752,SensorA,OK
753,SensorA,OK
754,SensorA,OK
755,SensorA,OK
756,SensorA,OK
757,SensorA,OK
758,SensorA,OK
759,SensorA,OK
760,SensorA,OK
761,SensorA,OK
762,SensorA,OK
763,SensorA,OK
764,SensorA,OK
765,SensorA,OK
766,SensorA,OK
767,SensorA,OK
768,SensorA,OK
769,SensorA,OK
770,SensorA,OK
771,SensorA,OK
772,SensorA,OK
773,SensorA,OK
774,SensorA,OK
775,SensorA,OK
776,SensorA,OK
777,SensorA,OK
778,SensorA,OK
779,SensorA,OK
780,SensorA,OK
781,SensorA,OK
782,SensorA,OK
783,SensorA,OK
784,SensorA,OK
785,SensorA,OK
786,SensorA,OK
787,SensorA,OK
788,SensorA,OK
789,SensorA,OK
790,SensorA,OK
791,SensorA,OK
792,SensorA,OK
793,SensorA,OK
794,SensorA,OK
795,SensorA,OK
796,SensorA,OK
797,SensorA,OK
798,SensorA,OK
799,SensorA,OK
800,SensorA,OK
801,SensorA,OK
802,SensorA,OK
803,SensorA,OK
804,SensorA,OK
805,SensorA,OK
806,SensorA,OK
807,SensorA,OK
808,SensorA,OK
809,SensorA,OK
810,SensorA,OK
811,SensorA,OK
812,SensorA,OK
813,SensorA,OK
814,SensorA,OK
815,SensorA,OK
816,SensorA,OK
817,SensorA,OK
818,SensorA,OK
819,SensorA,OK
820,SensorA,OK
821,SensorA,OK
822,SensorA,OK
823,SensorA,OK
824,SensorA,OK
825,SensorA,OK
826,SensorA,OK
827,SensorA,OK
828,SensorA,OK
829,SensorA,OK
830,SensorA,OK
831,SensorA,OK
832,SensorA,OK
833,SensorA,OK
834,SensorA,OK
835,SensorA,OK
836,SensorA,OK
837,SensorA,OK
838,SensorA,OK
839,SensorA,OK
840,SensorA,OK
841,SensorA,OK
842,SensorA,OK
843,SensorA,OK
844,SensorA,OK
845,SensorA,OK
846,SensorA,OK
847,SensorA,OK
848,SensorA,OK
849,SensorA,OK
850,SensorA,OK
851,SensorA,OK
852,SensorA,OK
853,SensorA,OK
854,SensorA,OK
855,SensorA,OK
856,SensorA,OK
857,SensorA,OK
858,SensorA,OK
859,SensorA,OK
860,SensorA,OK
861,SensorA,OK
862,SensorA,OK
863,SensorA,OK
864,SensorA,OK
865,SensorA,OK
866,SensorA,OK
867,SensorA,OK
868,SensorA,OK
869,SensorA,OK
870,SensorA,OK
871,SensorA,OK
872,SensorA,OK
873,SensorA,OK
874,SensorA,OK
875,SensorA,OK
876,SensorA,OK
877,SensorA,OK
878,SensorA,OK
879,SensorA,OK
880,SensorA,OK
881,SensorA,OK
882,SensorA,OK
883,SensorA,OK
884,SensorA,OK
885,SensorA,OK
886,SensorA,OK
887,SensorA,OK
888,SensorA,OK
889,SensorA,OK
890,SensorA,OK
891,SensorA,OK
892,SensorA,OK
893,SensorA,OK
894,SensorA,OK
895,SensorA,OK
896,SensorA,OK
897,SensorA,OK
898,SensorA,OK
899,SensorA,OK
900,SensorA,OK
901,SensorA,OK
902,SensorA,OK
903,SensorA,OK
904,SensorA,OK
905,SensorA,OK
906,SensorA,OK
907,SensorA,OK
908,SensorA,OK
909,SensorA,OK
910,SensorA,OK
911,SensorA,OK
912,SensorA,OK
913,SensorA,OK
914,SensorA,OK
915,SensorA,OK
916,SensorA,OK
917,SensorA,OK
918,SensorA,OK
919,SensorA,OK
920,SensorA,OK
921,SensorA,OK
922,SensorA,OK
923,SensorA,OK
924,SensorA,OK
925,SensorA,OK
926,SensorA,OK
927,SensorA,OK
928,SensorA,OK
929,SensorA,OK
930,SensorA,OK
931,SensorA,OK
932,SensorA,OK
933,SensorA,OK
934,SensorA,OK
935,SensorA,OK
936,SensorA,OK
937,SensorA,OK
938,SensorA,OK
939,SensorA,OK
940,SensorA,OK
941,SensorA,OK
942,SensorA,OK
943,SensorA,OK
944,SensorA,OK
945,SensorA,OK
946,SensorA,OK
947,SensorA,OK
948,SensorA,OK
949,SensorA,OK
950,SensorA,OK
951,SensorA,OK
952,SensorA,OK
953,SensorA,OK
954,SensorA,OK
955,SensorA,OK
956,SensorA,OK
957,SensorA,OK
958,SensorA,OK
959,SensorA,OK
960,SensorA,OK
961,SensorA,OK
962,SensorA,OK
963,SensorA,OK
964,SensorA,OK
965,SensorA,OK
966,SensorA,OK
967,SensorA,OK
968,SensorA,OK
969,SensorA,OK
970,SensorA,OK
971,SensorA,OK
972,SensorA,OK
973,SensorA,OK
974,SensorA,OK
975,SensorA,OK
976,SensorA,OK
977,SensorA,OK
978,SensorA,OK
979,SensorA,OK
980,SensorA,OK
981,SensorA,OK
982,SensorA,OK
983,SensorA,OK
984,SensorA,OK
985,SensorA,OK
986,SensorA,OK
987,SensorA,OK
988,SensorA,OK
989,SensorA,OK
990,SensorA,OK
991,SensorA,OK
992,SensorA,OK
993,SensorA,OK
994,SensorA,OK
995,SensorA,OK
996,SensorA,OK
997,SensorA,OK
998,SensorA,OK
999,SensorA,OK
1000,SensorA,OK
